"marker","chromosome","pos(cM)","TR5_625","TB501","TB5_360"
"SL00447","1","2.63","1","2","1"
"SL00450","1","9.35","1","2","2"
"SL00468","1","21.89","1","1","2"
"SL00472","1","22.95","1","2","1"
"SL00474","1","37.79","1","2","2"
"SL01859","1","53.13","1","2","2"
"SL06732","1","64.49","1","2","2"
"SL06733","1","64.6515","1","2","2"
"SL06737","1","65.84","1","2","2"
"SL06740","1","65.98","1","2","2"
"SL06741","1","66.11","1","2","2"
"SL06749","1","66.38944000000001","1","2","2"
"SL00560","1","66.62466666666666","1","2","2"
"SL00564","1","66.75","1","1","2"
"SL01798","1","68.19","1","1","2"
"SL00558","1","69.21","1","1","2"
"SL00491","1","117.72","1","1","2"
"SL00498","1","118.59","1","1","2"
"SL00653","2","5.59","1","2","1"
"SL01615","2","21.1","1","2","2"
"SL01753","2","22.25","1","2","2"
"SL00628","2","23.86","1","2","2"
"SL00625","2","24.67","1","2","1"
"SL06757","2","29.67","1","2","1"
"SL00618","2","29.93","1","2","1"
"SL06777","2","30.033","1","2","1"
"SL06778","2","30.397433333333332","1","2","1"
"SL00593","2","30.52","1","2","1"
"SL00609","2","30.85","1","2","1"
"SL06794","2","30.98","1","2","1"
"SL06795","2","31.35","1","2","1"
"SL06804","2","31.46760714285714","1","2","2"
"SL06811","2","31.84","1","2","2"
"SL00591","2","32.37","1","1","2"
"SL06813","2","39.550000000000004","1","2","1"
"SL06816","2","39.68","1","2","1"
"SL00615","2","42.58","1","1","2"
"SL06817","2","42.68","1","2","1"
"SL06818","2","43.06","1","2","2"
"SL06819","2","43.57","1","2","2"
"SL06820","2","49.81","1","2","2"
"SL06821","2","50.61","1","2","2"
"SL06823","2","55.28666666666667","1","2","2"
"SL00582","2","55.81","1","2","2"
"SL06824","2","59.42","1","2","2"
"SL00578","2","60.88","1","2","1"
"SL00568","2","66.43","1","2","1"
"SL00883","3","0.28","1","2","2"
"SL00887","3","0.56","1","2","2"
"SL00886","3","0.7","1","2","2"
"SL00890","3","2.81","1","2","2"
"SL00888","3","3.37","1","2","2"
"SL00889","3","5.7","1","2","1"
"SL01138","3","42.720000000000006","1","2","2"
"SL01716","3","43.42","1","2","1"
"SL00786","3","82.58","1","2","1"
"SL00817","3","82.7605","1","1","2"
"SL00852","3","84.92","1","2","1"
"SL00759","3","85.091","1","2","1"
"SL00831","3","85.33","1","2","1"
"SL00854","3","85.44","1","2","1"
"SL00798","3","85.78","1","2","2"
"SL00821","3","86.26","1","2","2"
"SL00830","3","86.46","1","2","2"
"SL00827","3","89.55","1","2","2"
"SL00802","3","89.72","1","2","2"
"SL00754","3","90.68","1","2","2"
"SL00753","3","90.9","1","2","2"
"SL00750","3","101.46","1","2","2"
"SL00906","4","1.83","1","2","2"
"SL00730","4","4.74","1","2","2"
"SL00731","4","5.49","1","1","2"
"SL00733","4","8.51","1","1","2"
"SL01801","4","16.166666666666664","1","1","2"
"SL01729","4","22.46","1","2","2"
"SL00726","4","42.980000000000004","1","2","2"
"SL01697","4","50.11","1","2","2"
"SL00664","4","51.45","1","2","1"
"SL00663","4","51.61","1","2","1"
"SL06829","4","51.75","1","2","1"
"SL01826","4","52.24","1","2","1"
"SL06830","4","52.39","1","2","1"
"SL06831","4","52.57","1","2","1"
"SL06833","4","52.75","1","2","1"
"SL01641","4","52.96","1","2","1"
"SL06835","4","53.44","1","2","1"
"SL06836","4","53.67","1","2","1"
"SL01649","4","53.84","1","2","1"
"SL00909","4","70.55","1","1","2"
"SL00907","4","71.2435","1","2","1"
"SL06837","4","71.5935","1","2","2"
"SL06841","4","71.7","1","2","1"
"SL06848","4","74.","1","2","1"
"SL06850","4","74.22233333333334","1","2","1"
"SL06854","4","74.3645","1","2","1"
"SL06860","4","74.49","1","2","1"
"SL06863","4","74.8","1","2","1"
"SL00930","4","74.93","1","2","1"
"SL06866","4","75.32050000000001","1","2","1"
"SL06869","4","75.568","1","2","1"
"SL06871","4","75.82","1","2","1"
"SL06872","4","76.11","1","2","1"
"SL06873","4","76.32","1","2","1"
"SL06876","4","76.55","1","2","1"
"SL06881","4","76.77","1","2","1"
"SL00919","4","77.21","1","2","2"
"SL06891","4","77.31","1","2","2"
"SL06895","4","77.4555","1","2","2"
"SL06899","4","77.641","1","2","2"
"SL06914","4","77.9","1","2","1"
"SL06915","4","78.39","1","2","2"
"SL00962","4","78.68","1","1","2"
"SL00922","4","79.98","1","2","1"
"SL00943","4","90.14","1","2","1"
"SL00992","5","30.","1","2","1"
"SL00991","5","33.7","1","2","1"
"SL00986","5","33.91","1","2","1"
"SL00987","5","34.31","1","2","1"
"SL01078","5","52.89666666666667","1","1","2"
"SL01060","5","53.22501666666667","1","1","2"
"SL01068","5","57.","1","1","2"
"SL01062","5","75.6","1","2","2"
"SL00667","6","1.22","1","2","1"
"SL00666","6","1.7235","1","2","1"
"SL01092","6","5.99","1","2","2"
"SL01093","6","6.4","1","2","2"
"SL06920","6","16.69","1","2","2"
"SL01119","6","16.9","1","2","2"
"SL06921","6","17.31","1","2","2"
"SL01115","6","17.45","1","2","2"
"SL06923","6","18.28","1","2","2"
"SL06925","6","19.19","1","2","2"
"SL06926","6","19.42","1","2","2"
"SL06927","6","19.77","1","2","2"
"SL01123","6","23.","1","2","2"
"SL01147","6","28.59","1","1","2"
"SL01128","6","29.198","1","1","2"
"SL01142","6","31.51","1","2","2"
"SL01130","6","32.58","1","2","2"
"SL06929","6","32.77","1","2","2"
"SL06931","6","32.9505","1","2","2"
"SL06940","6","33.114","1","2","2"
"SL06943","6","33.28","1","2","2"
"SL06944","6","33.415333333333336","1","2","2"
"SL06948","6","33.52","1","2","2"
"SL06951","6","33.65","1","2","2"
"SL06954","6","33.83","1","2","2"
"SL06962","6","33.958666666666666","1","2","2"
"SL06966","6","34.12","1","2","2"
"SL00982","6","34.374522222222225","1","2","1"
"SL06983","6","34.7419625","1","2","1"
"SL06986","6","34.8455","1","2","1"
"SL06989","6","47.39","1","2","2"
"SL01172","6","53.26","1","2","2"
"SL01534","6","66.97","1","2","1"
"SL01223","7","1.64","1","2","1"
"SL01222","7","2.03","1","2","1"
"SL01221","7","19.02","1","1","2"
"SL01207","7","28.23","1","2","2"
"SL01196","7","42.55","1","1","2"
"SL01192","7","53.24","1","1","2"
"SL01190","7","55.09","1","1","2"
"SL01188","7","65.5","1","1","2"
"SL01234","8","17.52","1","1","2"
"SL01237","8","17.653","1","1","2"
"SL00701","8","61.61","1","2","2"
"SL00690","8","61.87","1","2","2"
"SL00681","8","62.6205","1","2","2"
"SL01423","9","1.32","1","2","1"
"SL01427","9","4.13","1","1","2"
"SL01419","9","6.93","1","1","2"
"SL01416","9","15.6","1","1","2"
"SL01406","9","34.99666666666667","1","2","2"
"SL01393","9","36.22","1","2","2"
"SL01408","9","36.36","1","2","2"
"SL01403","9","36.53","1","2","2"
"SL01745","9","37.87","1","2","2"
"SL01167","9","38.04","1","2","2"
"SL01333","9","38.14","1","2","1"
"SL01312","9","38.57","1","2","2"
"SL00513","9","38.968333333333334","1","2","2"
"SL00964","9","48.21","1","1","2"
"SL01269","9","72.83","1","2","2"
"SL01275","9","83.42","1","2","1"
"SL01434","10","0.89","1","2","1"
"SL01432","10","7.82","1","2","2"
"SL00645","10","55.99","1","2","2"
"SL00629","10","56.73","1","2","2"
"SL00640","10","57.13","1","2","2"
"SL00646","10","57.97","1","2","2"
"SL00631","10","58.22","1","2","2"
"SL00633","10","59.63","1","2","2"
"SL01452","10","62.09","1","2","2"
"SL01449","10","65.22","1","1","2"
"SL01459","10","66.32","1","1","2"
"SL01458","10","66.59","1","1","2"
"SL01445","10","70.05","1","1","2"
"SL01858","10","70.41","1","1","2"
"SL01453","10","73.21","1","1","2"
"SL01463","10","74.7","1","1","2"
"SL01446","10","76.12","1","1","2"
"SL00659","11","0.6","1","2","1"
"SL00762","11","36.49","1","1","2"
"SL00822","11","40.1","1","2","1"
"SL01525","11","41.69","1","1","2"
"SL01527","11","42.17","1","1","2"
"SL01528","11","42.41","1","1","2"
"SL01529","11","43.74","1","2","1"
"SL01531","11","43.9","1","2","1"
"SL01514","11","44.83","1","2","1"
"SL01517","11","44.97","1","2","1"
"SL01511","11","45.3125","1","2","1"
"SL01490","11","49.3","1","1","2"
"SL01487","11","49.56","1","1","2"
"SL01477","11","77.94","1","2","1"
"SL01473","11","78.33","1","2","1"
"SL01470","11","79.44","1","2","1"
"SL01550","12","0.46","1","2","1"
"SL01816","12","1.82","1","2","1"
"SL01540","12","2.3","1","1","2"
"SL01541","12","7.64","1","1","2"
"SL01542","12","9.37","1","2","2"
"SL01555","12","9.93","1","2","2"
"SL01568","12","18.77","1","1","2"
"SL01572","12","29.19","1","1","2"
"SL01727","12","34.5","1","2","1"
"SL01728","12","35.93","1","2","1"
"SL01862","12","38.75","1","1","2"
"SL01752","12","39.23","1","2","1"
"SL01768","12","40.64","1","1","2"
"SL01589","12","41.26","1","2","1"
"SL01588","12","41.46","1","1","2"
"SL01636","12","41.574","1","2","1"
"SL01692","12","61.34","1","2","2"
"SL01690","12","61.64","1","2","2"
"SL01694","12","63.08","1","2","2"
