"marker","chromosome","pos(cM)","parent_D","parent_A","parent_B","parent_C"
"M1","1","0.2","1","1","2","2"
"M2","1","1.1","1","1","1","2"
"M3","1","2.1","2","2","2","1"
"M4","1","3.1","1","1","1","2"
"M5","1","4.1","2","1","1","2"
"M6","1","5.1","2","1","1","2"
"M7","1","6.1","1","1","2","2"
"M8","1","7.1","2","1","1","2"
"M9","1","8.1","2","2","2","2"
"M10","1","9.1","1","2","2","2"
"M11","1","10.1","1","2","1","2"
"M12","1","11.1","2","1","1","2"
"M13","1","12.1","2","2","2","2"
"M14","1","13.1","1","2","2","2"
"M15","1","14.1","1","2","1","1"
"M16","1","15.1","2","2","1","2"
"M17","1","16.1","1","2","2","2"
"M18","1","17.1","2","2","1","1"
"M19","1","18.1","1","2","1","2"
"M20","1","19.1","1","2","2","1"
"M21","1","20.1","1","1","1","2"
"M22","1","21.1","1","1","1","1"
"M23","1","22.1","1","1","1","1"
"M24","1","23.1","1","2","2","1"
"M25","1","24.1","2","2","1","1"
"M26","1","25.1","2","2","2","1"
"M27","1","26.1","2","2","2","1"
"M28","1","27.1","2","1","2","2"
"M29","1","28.1","1","2","1","2"
"M30","1","29.1","2","2","1","2"
"M31","1","30.1","1","2","2","1"
"M32","1","31.1","2","1","1","2"
"M33","1","32.1","2","1","1","2"
"M34","1","33.1","2","1","1","2"
"M35","1","34.1","1","2","2","2"
"M36","1","35.1","1","1","2","1"
"M37","1","36.1","2","2","2","1"
"M38","1","37.1","1","1","1","2"
"M39","1","38.1","2","1","1","2"
"M40","1","39.1","2","2","1","1"
"M41","1","40.1","1","1","1","1"
"M42","1","41.1","1","1","1","2"
"M43","1","42.1","1","2","2","1"
"M44","1","43.1","2","1","1","1"
"M45","1","44.1","1","2","2","1"
"M46","1","45.1","2","1","1","2"
"M47","1","46.1","2","1","2","1"
"M48","1","47.1","1","1","1","1"
"M49","1","48.1","2","2","2","2"
"M50","1","49.1","1","2","1","1"
"M51","1","50.1","2","1","1","1"
"M52","1","51.1","2","2","2","2"
"M53","1","52.1","2","2","2","2"
"M54","1","53.1","1","1","2","1"
"M55","1","54.1","1","2","2","2"
"M56","1","55.1","1","1","2","1"
"M57","1","56.1","1","1","2","2"
"M58","1","57.1","2","2","1","2"
"M59","1","58.1","2","1","1","2"
"M60","1","59.1","2","1","1","1"
"M61","1","60.1","2","1","1","1"
"M62","1","61.1","2","2","1","2"
"M63","1","62.1","2","2","2","1"
"M64","1","63.1","2","1","1","2"
"M65","1","64.1","2","1","1","2"
"M66","1","65.1","2","1","1","1"
"M67","1","66.1","2","2","1","1"
"M68","1","67.1","2","2","2","2"
"M69","1","68.1","1","1","2","1"
"M70","1","69.1","1","2","1","1"
"M71","1","70.1","1","2","1","2"
"M72","1","71.1","2","2","1","1"
"M73","1","72.1","2","1","2","2"
"M74","1","73.1","1","1","1","2"
"M75","1","74.1","2","2","2","2"
"M76","1","75.1","1","1","1","2"
"M77","1","76.1","1","2","1","2"
"M78","1","77.1","2","2","2","1"
"M79","1","78.1","1","1","2","1"
"M80","1","79.1","2","1","2","2"
"M81","1","80.1","2","1","2","2"
"M82","1","81.1","2","1","1","1"
"M83","1","82.1","2","2","2","2"
"M84","1","83.1","1","1","1","1"
"M85","1","84.1","1","1","1","1"
"M86","1","85.1","1","2","1","2"
"M87","1","86.1","2","2","1","1"
"M88","1","87.1","1","1","2","2"
"M89","1","88.1","2","1","2","2"
"M90","1","89.1","2","1","2","1"
"M91","1","90.1","2","1","2","1"
"M92","1","91.1","2","1","1","2"
"M93","1","92.1","1","2","1","2"
"M94","1","93.1","1","1","2","1"
"M95","1","94.1","2","2","2","1"
"M96","1","95.1","2","1","2","1"
"M97","1","96.1","1","2","2","2"
"M98","1","97.1","1","2","1","1"
"M99","1","98.1","1","1","2","1"
"M100","1","99.1","1","1","2","1"
"M101","2","0.2","2","2","1","2"
"M102","2","1.1","1","1","2","1"
"M103","2","2.1","2","2","1","1"
"M104","2","3.1","1","1","1","1"
"M105","2","4.1","2","2","2","1"
"M106","2","5.1","2","2","1","2"
"M107","2","6.1","1","1","1","1"
"M108","2","7.1","1","2","2","2"
"M109","2","8.1","1","1","2","1"
"M110","2","9.1","2","2","1","2"
"M111","2","10.1","1","2","1","2"
"M112","2","11.1","2","1","1","1"
"M113","2","12.1","2","1","1","1"
"M114","2","13.1","2","2","2","2"
"M115","2","14.1","2","2","2","2"
"M116","2","15.1","2","2","2","2"
"M117","2","16.1","2","2","2","1"
"M118","2","17.1","1","2","2","2"
"M119","2","18.1","1","1","1","1"
"M120","2","19.1","1","2","2","2"
"M121","2","20.1","1","2","2","2"
"M122","2","21.1","2","1","1","1"
"M123","2","22.1","1","1","1","1"
"M124","2","23.1","1","1","2","1"
"M125","2","24.1","2","1","1","1"
"M126","2","25.1","1","1","2","1"
"M127","2","26.1","2","1","1","1"
"M128","2","27.1","2","2","2","1"
"M129","2","28.1","2","1","2","1"
"M130","2","29.1","1","1","2","1"
"M131","2","30.1","1","1","1","2"
"M132","2","31.1","1","2","2","2"
"M133","2","32.1","2","2","2","1"
"M134","2","33.1","1","2","1","1"
"M135","2","34.1","2","2","1","1"
"M136","2","35.1","1","2","2","1"
"M137","2","36.1","1","1","1","1"
"M138","2","37.1","1","2","1","2"
"M139","2","38.1","1","2","2","2"
"M140","2","39.1","1","2","1","2"
"M141","2","40.1","2","1","2","2"
"M142","2","41.1","2","1","1","1"
"M143","2","42.1","2","2","2","1"
"M144","2","43.1","2","2","1","2"
"M145","2","44.1","1","2","1","2"
"M146","2","45.1","1","1","1","1"
"M147","2","46.1","2","1","2","1"
"M148","2","47.1","1","2","1","2"
"M149","2","48.1","1","1","2","1"
"M150","2","49.1","1","1","2","2"
"M151","2","50.1","1","2","2","1"
"M152","2","51.1","2","2","1","1"
"M153","2","52.1","1","1","2","1"
"M154","2","53.1","1","1","1","1"
"M155","2","54.1","1","1","2","1"
"M156","2","55.1","1","1","2","2"
"M157","2","56.1","2","1","2","1"
"M158","2","57.1","1","1","2","2"
"M159","2","58.1","2","2","2","2"
"M160","2","59.1","2","2","2","1"
"M161","2","60.1","1","2","2","1"
"M162","2","61.1","2","1","2","1"
"M163","2","62.1","2","1","1","2"
"M164","2","63.1","2","2","1","1"
"M165","2","64.1","1","2","2","2"
"M166","2","65.1","1","1","1","2"
"M167","2","66.1","2","1","1","2"
"M168","2","67.1","1","1","1","1"
"M169","2","68.1","1","2","2","2"
"M170","2","69.1","2","1","2","2"
"M171","2","70.1","1","2","2","2"
"M172","2","71.1","2","2","2","2"
"M173","2","72.1","1","1","1","2"
"M174","2","73.1","1","2","1","1"
"M175","2","74.1","2","2","1","1"
"M176","2","75.1","2","1","2","2"
"M177","2","76.1","1","2","2","1"
"M178","2","77.1","2","2","1","1"
"M179","2","78.1","2","2","2","2"
"M180","2","79.1","2","1","2","2"
"M181","2","80.1","2","2","1","2"
"M182","2","81.1","2","2","1","2"
"M183","2","82.1","2","1","2","2"
"M184","2","83.1","1","2","2","2"
"M185","2","84.1","1","1","2","2"
"M186","2","85.1","2","2","2","1"
"M187","2","86.1","1","1","1","1"
"M188","2","87.1","1","2","2","1"
"M189","2","88.1","1","2","1","1"
"M190","2","89.1","1","2","1","1"
"M191","2","90.1","2","2","2","2"
"M192","2","91.1","2","1","2","1"
"M193","2","92.1","2","1","2","2"
"M194","2","93.1","1","1","2","1"
"M195","2","94.1","1","2","1","2"
"M196","2","95.1","1","2","1","1"
"M197","2","96.1","1","1","2","1"
"M198","2","97.1","1","1","1","2"
"M199","2","98.1","2","1","2","1"
"M200","2","99.1","1","1","1","2"
"M201","3","0.2","1","2","1","2"
"M202","3","1.1","2","2","2","2"
"M203","3","2.1","1","1","2","2"
"M204","3","3.1","1","2","2","1"
"M205","3","4.1","2","2","2","1"
"M206","3","5.1","1","1","1","2"
"M207","3","6.1","1","2","1","2"
"M208","3","7.1","1","2","1","2"
"M209","3","8.1","2","2","1","1"
"M210","3","9.1","2","1","1","2"
"M211","3","10.1","1","2","1","1"
"M212","3","11.1","1","1","1","2"
"M213","3","12.1","2","2","2","2"
"M214","3","13.1","2","2","1","2"
"M215","3","14.1","1","1","2","1"
"M216","3","15.1","1","2","2","2"
"M217","3","16.1","2","2","1","1"
"M218","3","17.1","2","2","2","2"
"M219","3","18.1","1","2","1","1"
"M220","3","19.1","1","1","1","2"
"M221","3","20.1","1","1","1","2"
"M222","3","21.1","2","1","2","2"
"M223","3","22.1","2","2","2","1"
"M224","3","23.1","1","1","1","1"
"M225","3","24.1","2","1","1","1"
"M226","3","25.1","2","2","2","2"
"M227","3","26.1","1","2","1","1"
"M228","3","27.1","1","2","1","1"
"M229","3","28.1","1","2","1","1"
"M230","3","29.1","2","2","1","2"
"M231","3","30.1","2","1","1","1"
"M232","3","31.1","2","2","1","1"
"M233","3","32.1","2","2","2","1"
"M234","3","33.1","2","1","2","1"
"M235","3","34.1","1","1","2","2"
"M236","3","35.1","1","1","1","1"
"M237","3","36.1","1","2","1","2"
"M238","3","37.1","2","2","2","2"
"M239","3","38.1","2","2","1","1"
"M240","3","39.1","2","1","1","2"
"M241","3","40.1","1","1","1","2"
"M242","3","41.1","2","1","2","2"
"M243","3","42.1","2","2","2","2"
"M244","3","43.1","2","2","2","2"
"M245","3","44.1","1","2","2","2"
"M246","3","45.1","1","2","2","1"
"M247","3","46.1","2","1","2","2"
"M248","3","47.1","1","1","1","2"
"M249","3","48.1","1","2","1","2"
"M250","3","49.1","1","1","1","2"
"M251","3","50.1","2","1","2","2"
"M252","3","51.1","2","1","2","2"
"M253","3","52.1","1","1","2","1"
"M254","3","53.1","2","2","2","2"
"M255","3","54.1","1","1","1","2"
"M256","3","55.1","1","1","1","1"
"M257","3","56.1","1","2","1","1"
"M258","3","57.1","1","2","1","2"
"M259","3","58.1","2","1","2","1"
"M260","3","59.1","2","2","1","1"
"M261","3","60.1","1","2","1","2"
"M262","3","61.1","2","1","1","1"
"M263","3","62.1","2","1","2","2"
"M264","3","63.1","2","2","2","2"
"M265","3","64.1","1","1","2","1"
"M266","3","65.1","2","1","1","2"
"M267","3","66.1","2","2","2","2"
"M268","3","67.1","1","2","2","1"
"M269","3","68.1","1","1","1","1"
"M270","3","69.1","1","1","1","1"
"M271","3","70.1","1","2","1","1"
"M272","3","71.1","1","1","2","2"
"M273","3","72.1","1","2","2","1"
"M274","3","73.1","2","2","1","1"
"M275","3","74.1","1","1","1","1"
"M276","3","75.1","2","2","1","1"
"M277","3","76.1","1","1","2","1"
"M278","3","77.1","2","2","2","2"
"M279","3","78.1","1","1","1","1"
"M280","3","79.1","2","2","2","2"
"M281","3","80.1","1","1","2","1"
"M282","3","81.1","1","1","2","1"
"M283","3","82.1","1","1","2","1"
"M284","3","83.1","2","1","1","1"
"M285","3","84.1","2","1","2","2"
"M286","3","85.1","1","2","1","2"
"M287","3","86.1","1","2","1","1"
"M288","3","87.1","1","2","2","1"
"M289","3","88.1","1","2","2","2"
"M290","3","89.1","1","2","2","1"
"M291","3","90.1","2","1","2","2"
"M292","3","91.1","1","1","1","2"
"M293","3","92.1","1","1","1","1"
"M294","3","93.1","2","2","2","1"
"M295","3","94.1","2","2","1","1"
"M296","3","95.1","1","2","2","1"
"M297","3","96.1","1","1","1","2"
"M298","3","97.1","2","2","1","2"
"M299","3","98.1","2","1","1","2"
"M300","3","99.1","1","1","1","1"
"M301","4","0.2","1","1","2","2"
"M302","4","1.1","1","2","2","1"
"M303","4","2.1","2","1","1","1"
"M304","4","3.1","2","1","2","2"
"M305","4","4.1","1","1","1","2"
"M306","4","5.1","1","2","1","1"
"M307","4","6.1","2","2","2","2"
"M308","4","7.1","2","1","1","2"
"M309","4","8.1","1","2","2","1"
"M310","4","9.1","1","1","1","1"
"M311","4","10.1","1","2","1","1"
"M312","4","11.1","2","2","1","2"
"M313","4","12.1","1","1","1","1"
"M314","4","13.1","2","1","2","2"
"M315","4","14.1","2","1","1","2"
"M316","4","15.1","2","1","1","1"
"M317","4","16.1","1","1","1","1"
"M318","4","17.1","1","2","1","2"
"M319","4","18.1","2","2","2","1"
"M320","4","19.1","1","2","2","1"
"M321","4","20.1","2","2","1","1"
"M322","4","21.1","2","1","2","1"
"M323","4","22.1","1","1","2","1"
"M324","4","23.1","1","2","1","2"
"M325","4","24.1","2","1","1","2"
"M326","4","25.1","2","2","2","2"
"M327","4","26.1","1","2","2","2"
"M328","4","27.1","2","2","2","2"
"M329","4","28.1","2","1","1","2"
"M330","4","29.1","2","1","2","2"
"M331","4","30.1","1","2","2","2"
"M332","4","31.1","2","1","2","1"
"M333","4","32.1","2","1","1","1"
"M334","4","33.1","1","1","2","1"
"M335","4","34.1","2","1","2","1"
"M336","4","35.1","2","2","2","2"
"M337","4","36.1","1","1","1","1"
"M338","4","37.1","1","2","1","2"
"M339","4","38.1","2","2","1","1"
"M340","4","39.1","1","1","1","1"
"M341","4","40.1","1","1","1","2"
"M342","4","41.1","1","2","1","1"
"M343","4","42.1","2","1","1","2"
"M344","4","43.1","2","2","2","2"
"M345","4","44.1","1","2","2","1"
"M346","4","45.1","1","2","1","2"
"M347","4","46.1","2","2","2","2"
"M348","4","47.1","1","1","1","2"
"M349","4","48.1","2","2","2","2"
"M350","4","49.1","1","2","2","2"
"M351","4","50.1","1","1","1","2"
"M352","4","51.1","2","2","1","1"
"M353","4","52.1","1","1","2","2"
"M354","4","53.1","2","1","2","1"
"M355","4","54.1","2","1","1","2"
"M356","4","55.1","2","1","1","1"
"M357","4","56.1","2","1","1","2"
"M358","4","57.1","1","2","2","2"
"M359","4","58.1","1","2","1","2"
"M360","4","59.1","1","2","1","1"
"M361","4","60.1","1","1","2","1"
"M362","4","61.1","1","1","2","2"
"M363","4","62.1","2","2","2","1"
"M364","4","63.1","1","2","2","1"
"M365","4","64.1","2","2","1","2"
"M366","4","65.1","1","2","2","2"
"M367","4","66.1","1","1","2","2"
"M368","4","67.1","1","1","2","1"
"M369","4","68.1","2","2","1","2"
"M370","4","69.1","2","1","2","2"
"M371","4","70.1","2","2","1","2"
"M372","4","71.1","1","1","1","2"
"M373","4","72.1","1","1","2","1"
"M374","4","73.1","1","2","1","2"
"M375","4","74.1","1","1","1","2"
"M376","4","75.1","1","2","1","1"
"M377","4","76.1","1","1","1","2"
"M378","4","77.1","1","1","2","2"
"M379","4","78.1","2","2","1","1"
"M380","4","79.1","1","1","2","1"
"M381","4","80.1","2","1","2","2"
"M382","4","81.1","2","1","2","1"
"M383","4","82.1","1","1","1","1"
"M384","4","83.1","2","2","2","2"
"M385","4","84.1","1","1","2","2"
"M386","4","85.1","1","2","2","1"
"M387","4","86.1","2","2","1","1"
"M388","4","87.1","2","1","1","1"
"M389","4","88.1","1","2","2","2"
"M390","4","89.1","1","2","2","2"
"M391","4","90.1","2","2","2","2"
"M392","4","91.1","2","2","2","1"
"M393","4","92.1","2","1","2","2"
"M394","4","93.1","1","2","1","2"
"M395","4","94.1","1","2","2","2"
"M396","4","95.1","2","1","2","2"
"M397","4","96.1","2","2","1","2"
"M398","4","97.1","1","2","2","1"
"M399","4","98.1","1","1","2","2"
"M400","4","99.1","2","2","1","2"
"M401","5","0.2","1","2","1","2"
"M402","5","1.1","1","2","1","1"
"M403","5","2.1","2","2","2","1"
"M404","5","3.1","2","2","1","2"
"M405","5","4.1","1","2","1","2"
"M406","5","5.1","1","2","2","2"
"M407","5","6.1","1","1","2","2"
"M408","5","7.1","1","2","1","1"
"M409","5","8.1","1","2","1","1"
"M410","5","9.1","1","2","2","2"
"M411","5","10.1","1","1","2","2"
"M412","5","11.1","2","1","1","1"
"M413","5","12.1","1","2","2","2"
"M414","5","13.1","1","1","1","2"
"M415","5","14.1","1","1","2","1"
"M416","5","15.1","1","2","1","2"
"M417","5","16.1","1","2","2","2"
"M418","5","17.1","2","1","1","1"
"M419","5","18.1","1","2","1","1"
"M420","5","19.1","2","2","2","1"
"M421","5","20.1","2","2","2","1"
"M422","5","21.1","2","2","2","1"
"M423","5","22.1","1","2","1","1"
"M424","5","23.1","1","2","2","1"
"M425","5","24.1","1","2","1","1"
"M426","5","25.1","2","2","1","1"
"M427","5","26.1","2","2","2","2"
"M428","5","27.1","2","2","2","1"
"M429","5","28.1","2","2","1","2"
"M430","5","29.1","2","2","2","1"
"M431","5","30.1","1","1","1","2"
"M432","5","31.1","1","1","2","2"
"M433","5","32.1","2","1","1","2"
"M434","5","33.1","2","2","2","1"
"M435","5","34.1","2","2","2","2"
"M436","5","35.1","2","2","1","2"
"M437","5","36.1","1","1","1","1"
"M438","5","37.1","1","2","2","2"
"M439","5","38.1","2","1","1","1"
"M440","5","39.1","2","1","2","1"
"M441","5","40.1","2","2","2","2"
"M442","5","41.1","2","1","1","2"
"M443","5","42.1","2","1","2","1"
"M444","5","43.1","1","2","1","2"
"M445","5","44.1","2","2","1","2"
"M446","5","45.1","1","1","1","1"
"M447","5","46.1","2","2","1","1"
"M448","5","47.1","1","1","2","2"
"M449","5","48.1","1","2","1","1"
"M450","5","49.1","2","2","2","1"
"M451","5","50.1","1","1","1","2"
"M452","5","51.1","1","1","2","2"
"M453","5","52.1","1","1","2","1"
"M454","5","53.1","2","1","1","1"
"M455","5","54.1","1","2","2","2"
"M456","5","55.1","1","2","2","2"
"M457","5","56.1","2","2","2","2"
"M458","5","57.1","1","1","2","1"
"M459","5","58.1","2","1","1","2"
"M460","5","59.1","1","1","1","1"
"M461","5","60.1","2","1","2","1"
"M462","5","61.1","1","2","2","1"
"M463","5","62.1","2","1","1","2"
"M464","5","63.1","2","2","1","2"
"M465","5","64.1","2","2","1","2"
"M466","5","65.1","2","2","2","1"
"M467","5","66.1","2","2","2","2"
"M468","5","67.1","1","2","2","1"
"M469","5","68.1","2","2","1","1"
"M470","5","69.1","1","2","2","2"
"M471","5","70.1","1","1","2","1"
"M472","5","71.1","2","2","1","1"
"M473","5","72.1","1","2","2","1"
"M474","5","73.1","2","1","2","2"
"M475","5","74.1","2","1","1","2"
"M476","5","75.1","2","1","2","1"
"M477","5","76.1","2","1","1","1"
"M478","5","77.1","1","1","1","1"
"M479","5","78.1","2","2","1","1"
"M480","5","79.1","2","2","2","2"
"M481","5","80.1","1","1","1","1"
"M482","5","81.1","1","2","2","2"
"M483","5","82.1","1","2","1","2"
"M484","5","83.1","1","2","2","2"
"M485","5","84.1","1","2","2","2"
"M486","5","85.1","1","2","1","2"
"M487","5","86.1","2","2","1","2"
"M488","5","87.1","1","2","1","2"
"M489","5","88.1","2","1","1","1"
"M490","5","89.1","1","2","1","2"
"M491","5","90.1","1","2","1","2"
"M492","5","91.1","1","2","2","1"
"M493","5","92.1","1","2","1","1"
"M494","5","93.1","1","2","1","2"
"M495","5","94.1","2","2","1","1"
"M496","5","95.1","2","1","1","1"
"M497","5","96.1","1","1","1","1"
"M498","5","97.1","1","2","1","1"
"M499","5","98.1","1","1","1","2"
"M500","5","99.1","2","2","1","2"
