"marker","chromosome","pos(cM)","B73","CML254","B97","Ki14"
"X.PZ101870","1","0.","N","N","N","N"
"X.umc1566","1","2.1","N","N","N","N"
"X.PZ101271_1","1","4.1","N","N","N","N"
"X.umc1177","1","7.7","N","N","N","N"
"X.PZ103613_1","1","10.1","N","N","N","N"
"X.PZ102129_1","1","11.45","N","N","N","N"
"X.PZ102032_1","1","16.9","N","N","N","N"
"X.PZ101022_2","1","19.5","N","N","N","N"
"X.umc1363","1","25.8","N","N","N","N"
"X.PHM2244_142","1","30.349999999999998","2","1","2","1"
"X.PZ102372_1","1","34.3","2","1","2","1"
"X.umc1071","1","36.650000000000006","N","N","N","N"
"X.PHM6238_36","1","38.8","2","1","2","1"
"X.PZ100175_4","1","41.3","N","N","N","N"
"X.PZ100175_2","1","42.3","N","N","N","N"
"X.PZ100181_2","1","44.35","2","1","2","1"
"X.PZ103521_1","1","47.150000000000006","2","1","2","1"
"X.PZ100887_1","1","50.6","2","1","2","1"
"X.PZ103551_1","1","54.5","2","1","2","1"
"X.PZ101497_1","1","55.96666666666667","2","1","2","1"
"X.umc2226","1","58.95","2","1","2","1"
"X.PZB00648_5","1","61.050000000000004","2","1","2","1"
"X.bnlg1627","1","63.1","N","N","N","N"
"X.PZ102487_1","1","64.55","2","1","2","1"
"X.PZ102069_2","1","66.05","2","1","2","1"
"X.PZB02058_1","1","72.5","2","1","2","1"
"X.PZ102490_1","1","81.3","N","N","N","N"
"X.PZ102686_1","1","84.3","N","N","N","N"
"X.PZ102195_1","1","88.1","2","1","2","1"
"X.PZ102271_1","1","89.4","2","1","2","1"
"X.PZ100962_1","1","91.4","N","N","N","N"
"X.umc1021","1","92.6","N","N","N","N"
"X.PZ100240_6","1","93.75","N","N","N","N"
"X.PZ103243_2","1","97.26666666666667","2","1","2","1"
"X.PZ102376_1","1","98.4","N","N","N","N"
"X.PZ103183_5","1","99.955","2","1","2","1"
"X.PZB00872_3","1","101.6","2","1","2","1"
"X.PZ102292_1","1","103.3","2","1","2","1"
"X.PZ102737_1","1","105.75","N","N","N","N"
"X.PZ103561_1","1","106.8","N","N","N","N"
"X.PZ102114_1","1","108.065","2","1","2","1"
"X.PZ101315_1","1","109.9","2","1","2","1"
"X.PZ101476_1","1","111.45","2","1","2","1"
"X.PZ100294_22","1","113.6","2","1","2","1"
"X.bnlg1811","1","119.8","N","N","N","N"
"X.bnlg2295","1","120.9","N","N","N","N"
"X.dupssr26","1","123.7","2","1","2","1"
"X.PZ100752_1","1","125.7","2","1","2","1"
"X.PZ103240_1","1","126.7","2","1","2","1"
"X.umc1601","1","130.14999999999998","N","N","N","N"
"X.PZ100939_1","1","132.85","N","N","N","N"
"X.csu1138_4","1","134.3","2","1","2","1"
"X.PZ100944_2","1","135.7","2","1","2","1"
"X.PZ101041_2","1","137.45","2","1","2","1"
"X.PZ103200_2","1","139.54999999999998","N","N","N","N"
"X.PZ100455_14","1","142.96666666666667","2","1","2","1"
"X.PZ103531_1","1","147.6","2","1","2","1"
"X.PZ102191_1","1","149.3","2","1","2","1"
"X.PHM3147_18","1","153.2","N","N","N","N"
"X.bnlg1057","1","154.7","2","1","2","1"
"X.PZ102467_10","1","157.","2","1","2","1"
"X.PZ100619_3","1","159.1","2","1","2","1"
"X.umc2235","1","165.4","N","N","N","N"
"X.PHM1968_22","1","167.2","2","1","2","1"
"X.PZ103686_1","1","175.04999999999998","2","1","2","1"
"X.PZ103074_27","1","177.8","2","1","2","1"
"X.PZ100131_15","1","178.8","2","1","2","1"
"X.PZ101019_1","1","182.04999999999998","2","1","2","1"
"X.PZ103193_2","1","186.3","2","1","2","1"
"X.PZ101039_1","1","187.5","2","1","2","1"
"X.PZ103265_3","1","190.5","N","N","N","N"
"X.PZ103741_1","1","191.7","2","1","2","1"
"X.PZ100658_21","1","193.7","2","1","2","1"
"X.PHM6043_19","1","195.75","2","1","2","1"
"X.bnlg1025","1","198.2","N","N","N","N"
"X.umc128_2","1","202.4","N","N","N","N"
"X.PZB01979_1","1","208.1","N","N","N","N"
"X.PHM2478_22","1","212.3","2","1","2","1"
"X.PZ102186_1","1","217.2","2","1","2","1"
"X.bnlg1025x","1","218.2","N","N","N","N"
"X.PZB01647_1","1","220.","2","1","2","1"
"X.PZ103001_15","1","223.4","2","1","2","1"
"X.umc1085","1","224.7","N","N","N","N"
"X.PZ100381_4","1","226.2","N","N","N","N"
"X.dupssr12","1","236.2","2","1","2","1"
"X.PHM4926_16","1","238.16666666666666","N","N","N","N"
"X.bz2_2","1","239.8","2","1","2","1"
"X.PHM16605_19","1","243.3","2","1","2","1"
"X.kip1_3","1","247.6","N","N","N","N"
"X.PZ102269_4","1","248.6","N","N","N","N"
"X.glb1_2","1","251.3","N","N","N","N"
"X.PHM3034_3","1","252.76666666666668","2","1","2","1"
"X.PZ100339_4","1","254.","N","N","N","N"
"X.umc2028","1","255.9","N","N","N","N"
"X.PHM5526_25","1","257.","2","1","2","1"
"X.PZ103457_1","1","258.","2","1","2","1"
"X.PZD00066_5","1","261.3","2","1","2","1"
"X.PZB00063_1","1","264.1","2","1","2","1"
"X.PZ102698_3","1","265.2","2","1","2","1"
"X.PZ102520_1","1","269.1","2","1","2","1"
"X.PZ100907_1","1","270.4","2","1","2","1"
"X.PZB00018_4","1","271.75","N","N","N","N"
"X.PZ100030_11","1","274.4","N","N","N","N"
"X.umc1534","1","275.8","N","N","N","N"
"X.bnlg16711","1","278.1","N","N","N","N"
"X.PHYC","1","279.1","N","N","N","N"
"X.PZ103188_1","1","282.5","2","1","2","1"
"X.PZ103020_8","1","288.5","N","N","N","N"
"X.PZ102087_2","1","291.8","2","1","2","1"
"X.PZ100978_1","1","293.1","2","1","2","1"
"X.PZB01403_1","1","295.2","N","N","N","N"
"X.PZ100894_7","1","296.6","2","1","2","1"
"X.PZ103037_2","1","298.2","N","N","N","N"
"X.PZ103305_1","1","299.2","N","N","N","N"
"X.PZ103305_7","1","302.45","2","1","2","1"
"X.csu381_2","1","305.15","N","N","N","N"
"X.PZ102044_1","1","308.3","2","1","2","1"
"X.bnlg06671","1","309.5","2","1","2","1"
"X.PZ100307_14","1","314.15","N","N","N","N"
"X.PZ100235_9","1","315.5","2","1","2","1"
"X.PZ100623_3","1","316.65","2","1","2","1"
"X.PHM9807_9","1","318.6","2","1","2","1"
"X.PZ101068_1","1","319.6","2","1","2","1"
"X.PZ101238_1","1","321.5","2","1","2","1"
"X.PHM1275_22","1","324.7","2","1","2","1"
"X.PZ100243_25","1","326.","2","1","2","1"
"X.PZ101239_2","1","327.","2","1","2","1"
"X.umc2100","1","329.9","N","N","N","N"
"X.PZ101807_1","1","332.4","2","1","2","1"
"X.PZ100432_4","1","340.15","2","1","2","1"
"X.PZ100365_2","2","0.","2","1","2","1"
"X.PZ100680_3","2","1.8","2","1","2","1"
"X.PHM13440_13","2","10.049999999999999","2","1","2","1"
"X.PZ102681_8","2","11.6","N","N","N","N"
"X.PZ100902_1","2","12.9","2","1","2","1"
"X.PZB01233_1","2","14.6","N","N","N","N"
"X.PZ101211_1","2","17.1","2","1","2","1"
"X.PZ100172_12","2","20.3","2","1","2","1"
"X.bnlg1338","2","21.4","N","N","N","N"
"X.bnlg1064","2","22.7","N","N","N","N"
"X.bnlg1017","2","24.","2","1","2","1"
"X.PZ101935_10","2","28.2","2","1","2","1"
"X.PZ102208_1","2","30.","2","1","2","1"
"X.PZ103699_1","2","34.9","2","1","2","1"
"X.PHM5822_15","2","39.8","2","1","2","1"
"X.PZB00901_4","2","42.2","2","1","2","1"
"X.PZ102272_3","2","44.2","2","1","2","1"
"X.zfl2_9","2","50.2","2","1","2","1"
"X.PZ100108_4","2","51.6","N","N","N","N"
"X.PZ103559_1","2","53.4","2","1","2","1"
"X.PZ102337_4","2","54.9","2","1","2","1"
"X.PZ100497_4","2","59.8","N","N","N","N"
"X.PZ102417_2","2","61.8","N","N","N","N"
"X.PZ102417_1","2","63.3","N","N","N","N"
"X.umc1555","2","64.65","N","N","N","N"
"X.PHM6111_5","2","69.25","N","N","N","N"
"X.PZ100590_1","2","71.7","2","1","2","1"
"X.PHM1962_33","2","73.6","2","1","2","1"
"X.PZ101879_1","2","75.1","N","N","N","N"
"X.phi109642","2","76.35000000000001","2","1","2","1"
"X.CONST1NS","2","77.85000000000001","N","N","N","N"
"X.PZ101374_1","2","79.4","2","1","2","1"
"X.umc1909","2","81.65","N","N","N","N"
"X.PZ102496_1","2","84.25","N","N","N","N"
"X.PZ102058_1","2","85.5","N","N","N","N"
"X.CRY2","2","87.15","N","N","N","N"
"X.bnlg1909","2","88.18333333333334","N","N","N","N"
"X.PZB00183_4","2","89.6","2","1","2","1"
"X.PZ103629_1","2","91.7","2","1","2","1"
"X.PZ102450_1","2","93.8","2","1","2","1"
"X.PZ102279_1","2","96.","2","1","2","1"
"X.PZ101820_1","2","97.3","2","1","2","1"
"X.PZ101809_1","2","98.6","2","1","2","1"
"X.bnlg23281","2","99.7","N","N","N","N"
"X.PHM3626_3","2","100.875","2","1","2","1"
"X.nc131","2","102.9","N","N","N","N"
"X.PZ100029_17","2","104.3","2","1","2","1"
"X.bnlg1036","2","105.6","N","N","N","N"
"X.PZ102939_10","2","106.6","2","1","2","1"
"X.PZ102465_1","2","107.6","2","1","2","1"
"X.PZ101537_2","2","108.6","N","N","N","N"
"X.PZ103692_1","2","109.7","N","N","N","N"
"X.vdH11_1","2","112.","N","N","N","N"
"X.PZ103644_1","2","114.6","2","1","2","1"
"X.PZ103659_1","2","117.75","N","N","N","N"
"X.nc003","2","121.5","N","N","N","N"
"X.PZ100224_4","2","123.4","2","1","2","1"
"X.PZ103184_2","2","124.7","2","1","2","1"
"X.PZ100755_2","2","129.","2","1","2","1"
"X.mmc0271","2","133.","2","1","2","1"
"X.PZ103529_1","2","134.1","N","N","N","N"
"X.PZ102890_4","2","135.5","N","N","N","N"
"X.PZ100824_2","2","139.6","2","1","2","1"
"X.PHM4196_27","2","141.3","N","N","N","N"
"X.PHM14412_4","2","143.2","2","1","2","1"
"X.PZ100803_3","2","145.4","2","1","2","1"
"X.PZ102017_1","2","147.1","2","1","2","1"
"X.PHM16125_47","2","149.","2","1","2","1"
"X.PHM3668_12","2","152.6","N","N","N","N"
"X.PZ103165_1","2","154.7","2","1","2","1"
"X.bnlg1045","2","156.1","N","N","N","N"
"X.umc1560","2","157.4","N","N","N","N"
"X.bnlg0198","2","159.6","N","N","N","N"
"X.bnlg2144","2","162.04999999999998","2","1","2","1"
"X.PZ100390_7","2","163.85","N","N","N","N"
"X.PZ102964_7","2","166.9","N","N","N","N"
"X.PZ100804_1","2","170.6","N","N","N","N"
"X.PZ103602_1","2","171.8","2","1","2","1"
"X.PZ101025_1","2","174.3","2","1","2","1"
"X.PZ102418_2","2","176.75","2","1","2","1"
"X.PZ100527_10","2","179.3","2","1","2","1"
"X.PZ102989_8","2","182.5","2","1","2","1"
"X.PZ102012_7","2","186.7","2","1","2","1"
"X.PZ100163_4","2","188.04999999999998","N","N","N","N"
"X.PZ102453_1","2","189.2","2","1","2","1"
"X.umc1230","2","190.2","2","1","2","1"
"X.PZB01013_1","2","192.9","2","1","2","1"
"X.umc1551","2","194.6","2","1","2","1"
"X.PZ102266_3","2","199.14999999999998","N","N","N","N"
"X.PZ101352_5","2","201.7","2","1","2","1"
"X.PZ102727_1","2","203.8","2","1","2","1"
"X.bnlg0469b","2","207.4","2","1","2","1"
"X.umc2184","2","215.2","2","1","2","1"
"X.PHM3094_23","2","216.5","2","1","2","1"
"X.PZ102170_1","2","219.9","2","1","2","1"
"X.PZ103577_1","2","222.8","2","1","2","1"
"X.umc2214","2","224.","2","1","2","1"
"X.PZD00022_6","2","225.5","N","N","N","N"
"X.phi101049","2","226.9","N","N","N","N"
"X.umc1746","3","0.","2","1","2","1"
"X.umc2118","3","1.45","2","1","2","1"
"X.umc2256","3","4.3","2","1","2","1"
"X.PZ102090_1","3","17.7","2","1","2","1"
"X.PZD00038_2","3","22.4","2","1","2","1"
"X.PZ100100_10","3","26.2","2","1","2","1"
"X.PZ102678_1","3","28.","2","1","2","1"
"X.PHM12859_7","3","30.","2","1","2","1"
"X.bnlg1523","3","31.3","N","N","N","N"
"X.PZ103527_1","3","32.5","N","N","N","N"
"X.PZ100749_1","3","36.9","2","1","2","1"
"X.bnlg1647","3","41.85","2","1","2","1"
"X.PZ102098_2","3","43.2","2","1","2","1"
"X.PZ101765_1","3","46.9","2","1","2","1"
"X.umc2258","3","48.2","2","1","2","1"
"X.PZ100508_4","3","53.6","2","1","2","1"
"X.PZ100508_2","3","55.9","2","1","2","1"
"X.PHM4204_69","3","57.","N","N","N","N"
"X.umc1223","3","65.","N","N","N","N"
"X.umc1030","3","66.3","2","1","2","1"
"X.PHM4145_18","3","71.8","N","N","N","N"
"X.PZ102427_1","3","74.05","N","N","N","N"
"X.PHM2343_25","3","76.6","2","1","2","1"
"X.PZ100210_1","3","80.9","N","N","N","N"
"X.PHM13823_7","3","86.5","N","N","N","N"
"X.PZ103054_5","3","88.4","2","1","2","1"
"X.PZ101473_1","3","90.36666666666667","2","1","2","1"
"X.PZ102589_1","3","91.7","N","N","N","N"
"X.PZ101447_1","3","93.7","2","1","2","1"
"X.PZ100707_9","3","96.4","2","1","2","1"
"X.PZ102619_1","3","98.1","2","1","2","1"
"X.PHM15449_10","3","99.4","2","1","2","1"
"X.PZ100363_7","3","100.4","2","1","2","1"
"X.PZD00016_4","3","101.4","2","1","2","1"
"X.PZ100920_1","3","102.5","2","1","2","1"
"X.PZ100335_12","3","104.","2","1","2","1"
"X.PZ102474_1","3","105.4","2","1","2","1"
"X.bnlg1035","3","108.2","2","1","2","1"
"X.PZ103541_1","3","111.4","2","1","2","1"
"X.PZ101934_6","3","113.55","2","1","2","1"
"X.PZ100827_1","3","114.9","2","1","2","1"
"X.PHM9914_11","3","116.455","2","1","2","1"
"X.PHM890_20","3","122.65","2","1","2","1"
"X.PHM2885_31","3","129.6","2","1","2","1"
"X.PZ103073_28","3","131.4","2","1","2","1"
"X.PZ100783_1","3","132.75","2","1","2","1"
"X.PZD00027_2","3","133.96","N","N","N","N"
"X.PZ100186_4","3","139.1","N","N","N","N"
"X.PZ101726_1","3","145.","2","1","2","1"
"X.PZ102212_1","3","146.2","2","1","2","1"
"X.bnlg1798","3","153.7","N","N","N","N"
"X.PZ102654_3","3","156.2","2","1","2","1"
"X.PZ101962_12","3","157.45","2","1","2","1"
"X.bnlg1160","3","159.1","N","N","N","N"
"X.PZ101322_1","3","160.3","2","1","2","1"
"X.PHM1675_29","3","161.45","2","1","2","1"
"X.bnlg0197","3","168.8","2","1","2","1"
"X.PZ101035_1","3","172.2","2","1","2","1"
"X.PZ103255_1","3","174.6","N","N","N","N"
"X.PZ103744_1","3","175.6","2","1","2","1"
"X.PZ101359_1","3","176.955","2","1","2","1"
"X.PZ100494_2","3","178.9","2","1","2","1"
"X.PZ103191_1","3","181.1","2","1","2","1"
"X.bnlg1318","4","0.","2","1","2","1"
"X.PHM3301_28","4","8.","2","1","2","1"
"X.PZ100436_7","4","9.8","N","N","N","N"
"X.PZ100683_4","4","11.","2","1","2","1"
"X.PZ100975_1","4","13.8","2","1","2","1"
"X.PZ102358_1","4","19.9","2","1","2","1"
"X.PHM2518_28","4","22.849999999999998","2","1","2","1"
"X.PZ101122_1","4","24.6","2","1","2","1"
"X.nc004","4","26.","2","1","2","1"
"X.PHM8527_2","4","32.650000000000006","2","1","2","1"
"X.phi074","4","37.3","N","N","N","N"
"X.PZ100139_4","4","38.9","N","N","N","N"
"X.PZ100059_2","4","41.9","2","1","2","1"
"X.PZ103048_18","4","43.3","2","1","2","1"
"X.PZ102457_1","4","44.6","N","N","N","N"
"X.PZ100541_1","4","48.","2","1","2","1"
"X.PZ100445_22","4","49.6","2","1","2","1"
"X.umc1265","4","50.6","N","N","N","N"
"X.PZ100726_8","4","51.6","2","1","2","1"
"X.PHM15427_11","4","54.3","N","N","N","N"
"X.umc2061","4","55.3","N","N","N","N"
"X.PHM14055_6","4","56.85","2","1","2","1"
"X.PZ103385_1","4","57.96","2","1","2","1"
"X.PZ103597_1","4","59.3","N","N","N","N"
"X.PZ103270_2","4","60.3","2","1","2","1"
"X.PZ103564_1","4","62.4","2","1","2","1"
"X.PZB00093_7","4","63.7","2","1","2","1"
"X.PZ102147_1","4","64.9","2","1","2","1"
"X.PZ103409_1","4","66.1","N","N","N","N"
"X.PZ102992_15","4","67.75","2","1","2","1"
"X.umc1945","4","68.8","N","N","N","N"
"X.PZ100057_2","4","72.1","2","1","2","1"
"X.bnlg16211","4","73.3","N","N","N","N"
"X.PZ101926_1","4","77.4","2","1","2","1"
"X.PZ103116_1","4","83.8","2","1","2","1"
"X.PZ100453_2","4","85.4","2","1","2","1"
"X.bnlg2291","4","86.6","2","1","2","1"
"X.PZ101289_1","4","88.4","N","N","N","N"
"X.PHM3155_14","4","89.6","N","N","N","N"
"X.PZ101658_1","4","92.4","2","1","2","1"
"X.PZ101477_3","4","101.3","N","N","N","N"
"X.PZ102825_7","4","102.6","2","1","2","1"
"X.PZ103275_4","4","106.8","N","N","N","N"
"X.PZ103275_1","4","108.5","N","N","N","N"
"X.PZD00030_2","4","115.","2","1","2","1"
"X.PZ102289_2","4","116.6","2","1","2","1"
"X.umc1418","4","119.8","N","N","N","N"
"X.PZ101766_1","4","121.","2","1","2","1"
"X.PZ101954_1","4","122.2","2","1","2","1"
"X.PZ100941_2","4","124.","2","1","2","1"
"X.umc1086","4","127.5","2","1","2","1"
"X.PZ102573_1","4","130.6","2","1","2","1"
"X.PZB01461_1","4","131.95","2","1","2","1"
"X.PHM4348_16","4","133.2","2","1","2","1"
"X.PZ100193_2","4","134.6","N","N","N","N"
"X.PZ103575_1","4","138.8","2","1","2","1"
"X.PZ101790_1","4","142.6","2","1","2","1"
"X.PZ102614_2","4","145.3","N","N","N","N"
"X.PZ102421_1","4","146.6","N","N","N","N"
"X.PZ101332_2","4","148.1","2","1","2","1"
"X.PZ100878_2","4","149.27","2","1","2","1"
"X.PZ101367_2","4","150.6","2","1","2","1"
"X.bnlg02921","4","151.6","N","N","N","N"
"X.PZ100521_3","4","153.3","2","1","2","1"
"X.PZ102155_1","4","156.2","2","1","2","1"
"X.PZ100513_1","4","157.5","2","1","2","1"
"X.PHM5665_26","4","162.04999999999998","2","1","2","1"
"X.umc1880","4","166.2","2","1","2","1"
"X.PHM2100_21","4","168.8","2","1","2","1"
"X.PZ103322_3","4","170.14999999999998","2","1","2","1"
"X.bnlg0589","4","171.3","2","1","2","1"
"X.PZ101905_12","4","180.2","2","1","2","1"
"X.bnlg1890","4","187.35","N","N","N","N"
"X.PZ102239_12","4","191.3","2","1","2","1"
"X.PZ100682_2","4","192.95","2","1","2","1"
"X.umc2011","4","195.2","N","N","N","N"
"X.phi006","4","202.9","N","N","N","N"
"X.mmc0151","5","0.","N","N","N","N"
"X.PZ102367_1","5","1.1","2","1","2","1"
"X.PZ101983_1","5","2.4","N","N","N","N"
"X.PZ100818_1","5","3.4","2","1","2","1"
"X.PZ100191_5","5","7.","2","1","2","1"
"X.PZ101438_1","5","15.35","2","1","2","1"
"X.PHM5359_10","5","20.7","2","1","2","1"
"X.PZ101570_1","5","21.9","2","1","2","1"
"X.PHM13122_43","5","24.5","2","1","2","1"
"X.nc007","5","26.4","N","N","N","N"
"X.bnlg0143","5","32.6","N","N","N","N"
"X.umc1766","5","34.5","2","1","2","1"
"X.PZ102462_1","5","38.7","2","1","2","1"
"X.PZ102753_1","5","41.5","N","N","N","N"
"X.umc1587","5","43.7","N","N","N","N"
"X.PZ100865_1","5","44.85","N","N","N","N"
"X.PZ101371_1","5","45.879999999999995","2","1","2","1"
"X.PZB00079_4","5","52.2","2","1","2","1"
"X.umc2115","5","53.4","N","N","N","N"
"X.PZ101284_6","5","55.75","2","1","2","1"
"X.bnlg1660","5","57.2","N","N","N","N"
"X.PZ100985_1","5","60.5","2","1","2","1"
"X.PZ100112_5","5","61.8","2","1","2","1"
"X.PZ101327_1","5","65.3","2","1","2","1"
"X.PZ103578_1","5","68.86666666666667","2","1","2","1"
"X.PZ100517_7","5","70.","2","1","2","1"
"X.PZ103274_4","5","73.06666666666666","2","1","2","1"
"X.PZ102792_26","5","74.15","2","1","2","1"
"X.PHM565_31","5","78.","N","N","N","N"
"X.PZ102525_1","5","82.5","2","1","2","1"
"X.umc1447","5","85.2","N","N","N","N"
"X.PZ100801_1","5","86.9","2","1","2","1"
"X.PZB00869_4","5","88.36666666666667","2","1","2","1"
"X.PHM12992_5","5","89.4935","2","1","2","1"
"X.PZ102207_1","5","91.6","N","N","N","N"
"X.PZ100522_7","5","93.6","2","1","2","1"
"X.PHM1870_20","5","94.6","N","N","N","N"
"X.PZB00232_2","5","96.","2","1","2","1"
"X.PHM5798_39","5","97.3","N","N","N","N"
"X.PZ102336_1","5","98.4","N","N","N","N"
"X.PZ102818_6","5","99.8","2","1","2","1"
"X.PZ101693_1","5","100.8","2","1","2","1"
"X.PZ103049_24","5","102.165","2","1","2","1"
"X.PZ100273_5","5","103.4","2","1","2","1"
"X.PZ102164_16","5","104.6","N","N","N","N"
"X.bnlg1208","5","106.75","2","1","2","1"
"X.PZ101608_1","5","108.1","2","1","2","1"
"X.PZ100148_3","5","110.5","2","1","2","1"
"X.PZ102981_2","5","111.8","N","N","N","N"
"X.1e1_8","5","113.05","2","1","2","1"
"X.1e1_7","5","115.2","N","N","N","N"
"X.PZ100255_14","5","117.6","2","1","2","1"
"X.PZ101410_1","5","120.86666666666667","2","1","2","1"
"X.PZ103714_1","5","124.45","N","N","N","N"
"X.mmc0282","5","125.55","N","N","N","N"
"X.PZ101304_1","5","128.","2","1","2","1"
"X.PZ102408_2","5","129.","2","1","2","1"
"X.PZ102356_7","5","130.8","2","1","2","1"
"X.PZ103452_6","5","132.2","2","1","2","1"
"X.C1B","5","134.4","N","N","N","N"
"X.PZ102751_1","5","137.85","N","N","N","N"
"X.PHM1558_19","5","139.45","N","N","N","N"
"X.PZ102411_3","5","141.4","N","N","N","N"
"X.PHM532_23","5","143.1","2","1","2","1"
"X.PZ100652_17","5","147.1","2","1","2","1"
"X.PZ103024_16","5","148.3","2","1","2","1"
"X.PZ101142_4","5","149.7","2","1","2","1"
"X.PZ101265_1","5","152.8","2","1","2","1"
"X.PZB00765_1","5","154.14999999999998","N","N","N","N"
"X.PZ100963_3","5","156.2","N","N","N","N"
"X.PHM3512_186","5","158.1","2","1","2","1"
"X.phi085","5","161.3","2","1","2","1"
"X.PZ100980_1","5","163.6","2","1","2","1"
"X.PZ102068_1","5","165.2","2","1","2","1"
"X.umc1072","5","172.","N","N","N","N"
"X.PZ102015_11","5","175.35","2","1","2","1"
"X.PZ101259_1","5","177.1","2","1","2","1"
"X.PZ102390_1","5","186.3","2","1","2","1"
"X.umc1225","5","189.8","N","N","N","N"
"X.bnlg0398","5","198.9","2","1","2","1"
"X.umc2209","5","202.26666666666668","2","1","2","1"
"X.PZ102480_1","5","203.3","2","1","2","1"
"X.PZ100158_2","6","0.","2","1","2","1"
"X.PZD00072_2","6","3.7","2","1","2","1"
"X.PZ101901_1","6","10.3","2","1","2","1"
"X.Hd31","6","13.3","N","N","N","N"
"X.PZ103063_21","6","15.2","2","1","2","1"
"X.PZ103588_1","6","16.7","N","N","N","N"
"X.PZ103195_1","6","18.","N","N","N","N"
"X.PZ101425_2","6","21.1","2","1","2","1"
"X.PZ103069_4","6","22.5","N","N","N","N"
"X.PZ100427_3","6","23.5","2","1","2","1"
"X.PZB01009_2","6","25.95","2","1","2","1"
"X.bnlg1538","6","28.25","N","N","N","N"
"X.PHM8909_12","6","32.3","N","N","N","N"
"X.PHM2551_31","6","36.2","N","N","N","N"
"X.PZ103488_1","6","39.3","2","1","2","1"
"X.PZ100942_2","6","42.8","2","1","2","1"
"X.PZB01658_1","6","44.6","N","N","N","N"
"X.umc1979","6","47.8","2","1","2","1"
"X.PZ102396_14","6","54.2","2","1","2","1"
"X.PHM13020_10","6","58.06","N","N","N","N"
"X.PZ100473_5","6","59.45","N","N","N","N"
"X.PZ101552_1","6","62.2","N","N","N","N"
"X.PZ101618_2","6","63.5","2","1","2","1"
"X.bnlg2249","6","65.6","N","N","N","N"
"X.PZ102262_3","6","67.75","2","1","2","1"
"X.PZ103750_1","6","69.3","N","N","N","N"
"X.PZ102187_1","6","70.7","N","N","N","N"
"X.PZ102478_7","6","72.9","N","N","N","N"
"X.PZ103102_9","6","74.9","2","1","2","1"
"X.bnlg1702","6","76.355","N","N","N","N"
"X.umc1020","6","77.9","N","N","N","N"
"X.PHM11985_27","6","80.4","2","1","2","1"
"X.PZ101144_1","6","81.6","2","1","2","1"
"X.PZ101342_2","6","83.9","2","1","2","1"
"X.PHM15666_11","6","85.3","N","N","N","N"
"X.PZ102472_2","6","86.8","2","1","2","1"
"X.PZ101672_1","6","94.95","2","1","2","1"
"X.PZ101462_1","6","97.7","N","N","N","N"
"X.PZ103027_12","6","99.5","2","1","2","1"
"X.PZ102582_1","6","103.6","N","N","N","N"
"X.umc1063","6","115.5","N","N","N","N"
"X.PZ101468_1","6","116.6","2","1","2","1"
"X.dupssr15","6","123.8","2","1","2","1"
"X.PHM7922_8","6","126.85000000000001","2","1","2","1"
"X.PZ100821_1","6","129.5","2","1","2","1"
"X.PZB01222_1","6","130.5","2","1","2","1"
"X.bnlg17591","6","131.5","N","N","N","N"
"X.PZ102141_1","6","135.3","N","N","N","N"
"X.PZ100910_1","6","140.7","2","1","2","1"
"X.PZ101875_1","6","142.6","2","1","2","1"
"X.PZ102815_25","6","144.","2","1","2","1"
"X.PHM3078_12","7","0.","2","1","2","1"
"X.PZ101909_1","7","2.6","N","N","N","N"
"X.PHM717_38","7","10.35","N","N","N","N"
"X.umc1066","7","14.1","2","1","2","1"
"X.PZ102872_1","7","16.9","2","1","2","1"
"X.PZ100256_27","7","21.3","2","1","2","1"
"X.PZ103624_1","7","22.6","2","1","2","1"
"X.PHM4080_15","7","24.","N","N","N","N"
"X.PZ101936_4","7","28.4","2","1","2","1"
"X.PZ101113_1","7","29.4","2","1","2","1"
"X.PZ102291_1","7","30.775000000000002","N","N","N","N"
"X.PZ100084_2","7","31.89111111111111","2","1","2","1"
"X.PHM4353_31","7","32.9","N","N","N","N"
"X.bnlg10221","7","42.9","2","1","2","1"
"X.PZ102365_7","7","45.4","2","1","2","1"
"X.PZ101946_7","7","46.8","N","N","N","N"
"X.PZ102352_1","7","49.550000000000004","2","1","2","1"
"X.PZ101714_1","7","52.5","2","1","2","1"
"X.PZD00054_1","7","53.9","2","1","2","1"
"X.PZ101542_1","7","55.2","2","1","2","1"
"X.PZ100111_10","7","56.66666666666667","2","1","2","1"
"X.PZ103728_1","7","58.5","2","1","2","1"
"X.PZ102854_13","7","59.585","2","1","2","1"
"X.PZ100405_7","7","61.","2","1","2","1"
"X.umc1001","7","64.5","N","N","N","N"
"X.PZ102722_1","7","65.9","2","1","2","1"
"X.ID7","7","70.3","N","N","N","N"
"X.PZ102959_14","7","76.6","N","N","N","N"
"X.umc1029","7","81.2","2","1","2","1"
"X.PZ100795_1","7","90.9","2","1","2","1"
"X.PZ102591_1","7","95.2","N","N","N","N"
"X.PZ102223_2","7","98.16666666666667","N","N","N","N"
"X.umc1125","7","100.45","N","N","N","N"
"X.PZ101414_1","7","103.4","2","1","2","1"
"X.PZ101028_2","7","106.05","2","1","2","1"
"X.PZB00605_1","7","108.05","2","1","2","1"
"X.umc1406","7","119.6","2","1","2","1"
"X.umc1799","7","123.3","2","1","2","1"
"X.PZ101744_1","7","124.7","2","1","2","1"
"X.phi116","7","126.4","2","1","2","1"
"X.PZB01638_1","7","127.8","N","N","N","N"
"X.PZ103117_4","7","129.8","N","N","N","N"
"X.umc1761","7","134.6","N","N","N","N"
"X.PZ102174_2","8","0.","2","1","2","1"
"X.PZ101600_2","8","1.5","2","1","2","1"
"X.PZ101623_3","8","5.95","N","N","N","N"
"X.PZ100368_1","8","8.6","N","N","N","N"
"X.PHM4711_14","8","10.9","2","1","2","1"
"X.PZ100416_7","8","16.3","2","1","2","1"
"X.PZ101601_1","8","17.8","2","1","2","1"
"X.bnlg1194","8","22.8","N","N","N","N"
"X.umc2004","8","25.8","2","1","2","1"
"X.PZ101691_1","8","28.3","2","1","2","1"
"X.PZ101951_1","8","30.75","2","1","2","1"
"X.PZ102955_3","8","34.5","N","N","N","N"
"X.PZ101079_1","8","35.5","2","1","2","1"
"X.PZ101357_2","8","39.","2","1","2","1"
"X.PZ102528_1","8","42.5","2","1","2","1"
"X.bnlg1067","8","45.5","2","1","2","1"
"X.PHM6428_11","8","48.4","2","1","2","1"
"X.PHM1978_111","8","49.9","2","1","2","1"
"X.PZ100758_1","8","51.","2","1","2","1"
"X.bnlg0669","8","52.2","N","N","N","N"
"X.PZ100793_2","8","54.1","2","1","2","1"
"X.PZ102203_1","8","55.1","N","N","N","N"
"X.PZ101301_1","8","56.6","2","1","2","1"
"X.umc1984","8","58.6","2","1","2","1"
"X.PZ101297_1","8","59.650000000000006","2","1","2","1"
"X.CC11","8","60.7","N","N","N","N"
"X.PZ102019_1","8","62.9","2","1","2","1"
"X.PZ100908_2","8","64.36666666666667","2","1","2","1"
"X.PZ103579_1","8","66.3","2","1","2","1"
"X.PZ100739_1","8","67.5","2","1","2","1"
"X.PZ101972_14","8","68.7","N","N","N","N"
"X.umc1130","8","70.1","N","N","N","N"
"X.PZ103639_1","8","72.7","2","1","2","1"
"X.PZB02155_1","8","74.1","2","1","2","1"
"X.PHM934_19","8","75.36500000000001","2","1","2","1"
"X.PZ103638_1","8","76.375","2","1","2","1"
"X.PZ103612_2","8","77.45","N","N","N","N"
"X.bnlg11761","8","78.5","2","1","2","1"
"X.PZ101038_1","8","79.6","2","1","2","1"
"X.PHM10525_11","8","81.","2","1","2","1"
"X.PHM4203_11","8","83.3","N","N","N","N"
"X.PZ101787_1","8","84.7","2","1","2","1"
"X.PZ100766_1","8","86.95","2","1","2","1"
"X.umc2401","8","87.97","2","1","2","1"
"X.umc1562","8","90.1","2","1","2","1"
"X.bnlg1812","8","94.25","N","N","N","N"
"X.bnlg2289","8","98.5","N","N","N","N"
"X.PZ101072_1","8","103.3","2","1","2","1"
"X.PZ100429_1","8","110.25","2","1","2","1"
"X.PZB01454_1","8","115.3","2","1","2","1"
"X.PHM4757_14","8","122.8","N","N","N","N"
"X.PHM12749_13","8","128.35","N","N","N","N"
"X.PZ103698_1","8","129.5","2","1","2","1"
"X.PZ100838_2","8","134.2","N","N","N","N"
"X.PHM3465_6","8","136.96666666666667","2","1","2","1"
"X.PZB00811_1","8","138.8","2","1","2","1"
"X.PZ100675_1","8","140.1","2","1","2","1"
"X.PHM1834_47","8","141.6","N","N","N","N"
"X.PZ102746_2","8","142.7","2","1","2","1"
"X.PZ100460_8","8","144.45","2","1","2","1"
"X.PZ100020_5","8","148.25","2","1","2","1"
"X.PZ101316_1","8","149.8","2","1","2","1"
"X.PZ100362_1","8","154.3","2","1","2","1"
"X.PHM4786_9","8","158.3","N","N","N","N"
"X.PZ100904_1","8","161.2","2","1","2","1"
"X.PZ101964_29","8","164.","N","N","N","N"
"X.umc1867","9","0.","N","N","N","N"
"X.PHM3925_79","9","3.8","2","1","2","1"
"X.PZD00036_2","9","5.2","N","N","N","N"
"X.PZ100285_3","9","12.3","2","1","2","1"
"X.PZ100114_4","9","17.1","2","1","2","1"
"X.PZ101799_1","9","20.","2","1","2","1"
"X.sh1_11","9","22.3","2","1","2","1"
"X.PZ101386_3","9","26.1","2","1","2","1"
"X.PHM5181_10","9","33.","N","N","N","N"
"X.PHM1969_42","9","35.8","2","1","2","1"
"X.PZ102624_1","9","40.8","2","1","2","1"
"X.PZ101131_1","9","44.9","N","N","N","N"
"X.PZ102702_1","9","48.2","2","1","2","1"
"X.PHM9374_5","9","50.8","2","1","2","1"
"X.PZ100860_1","9","54.5","2","1","2","1"
"X.umc1033","9","55.675000000000004","N","N","N","N"
"X.zb7_1","9","67.95","N","N","N","N"
"X.PZB00540_3","9","69.2","2","1","2","1"
"X.PZB00544_2","9","74.8","2","1","2","1"
"X.PZB01042_2","9","82.05","2","1","2","1"
"X.PZ101999_3","9","84.1","2","1","2","1"
"X.PZ103113_3","9","85.15","N","N","N","N"
"X.PZ102648_2","9","87.5","2","1","2","1"
"X.PZ103036_6","9","90.4","2","1","2","1"
"X.PZ101791_2","9","92.75","N","N","N","N"
"X.PZB00014_1","9","93.98666666666666","2","1","2","1"
"X.PZ101062_1","9","95.4","N","N","N","N"
"X.PZ103057_3","9","97.","2","1","2","1"
"X.PZ101861_1","9","98.36666666666667","2","1","2","1"
"X.PZ103596_1","9","100.7","N","N","N","N"
"X.PZ100225_8","9","102.8","2","1","2","1"
"X.PZB01358_1","9","104.3","N","N","N","N"
"X.PZ103470_1","9","105.7","2","1","2","1"
"X.PZ102613_1","9","106.9","2","1","2","1"
"X.PZ103235_1","9","108.8","N","N","N","N"
"X.umc1492","9","109.9","2","1","2","1"
"X.PZ102325_4","9","112.6","2","1","2","1"
"X.PZ100060_2","9","115.55","2","1","2","1"
"X.bnlg12701","9","117.8","N","N","N","N"
"X.PZ102111_1","9","120.7","2","1","2","1"
"X.PHM3330_25","9","122.5","2","1","2","1"
"X.PZB02099_1","9","124.16666666666667","2","1","2","1"
"X.PZ101096_1","9","126.2","2","1","2","1"
"X.PZ103671_1","9","127.7","2","1","2","1"
"X.PZ102235_14","9","129.3","N","N","N","N"
"X.PHM1766_1","9","136.35","2","1","2","1"
"X.umc2345","9","144.9","2","1","2","1"
"X.PHM816_29","9","146.9","2","1","2","1"
"X.PZ101369_1","9","149.6","2","1","2","1"
"X.PZ101715_2","9","153.7","2","1","2","1"
"X.PZ102197_1","9","154.7","2","1","2","1"
"X.bnlg1525","9","159.64999999999998","2","1","2","1"
"X.PHM4604_18","9","163.64999999999998","2","1","2","1"
"X.PZB00221_3","9","169.8","2","1","2","1"
"X.PHM11226_13","9","171.8","2","1","2","1"
"X.umc1293","10","0.","N","N","N","N"
"X.PZ102221_20","10","1.1","N","N","N","N"
"X.umc1380","10","2.8","2","1","2","1"
"X.PZ102554_1","10","6.9","2","1","2","1"
"X.PZ101313_2","10","8.7","N","N","N","N"
"X.PZ102433_3","10","10.","N","N","N","N"
"X.umc1152","10","14.166666666666666","N","N","N","N"
"X.bnlg1451","10","15.8","N","N","N","N"
"X.PZ102095_10","10","18.7","N","N","N","N"
"X.PHM3765_7","10","30.2","N","N","N","N"
"X.PZ101451_1","10","35.","N","N","N","N"
"X.PZB01301_5","10","37.","2","1","2","1"
"X.PHM15331_16","10","40.5","2","1","2","1"
"X.PHM3896_9","10","43.75","2","1","2","1"
"X.PZ102961_6","10","44.75","N","N","N","N"
"X.umc1962","10","47.3","2","1","2","1"
"X.umc1239","10","48.9","2","1","2","1"
"X.PZ101677_1","10","50.4","2","1","2","1"
"X.PZ103491_1","10","51.766666666666666","2","1","2","1"
"X.PZ100933_3","10","52.97","N","N","N","N"
"X.PZD00033_3","10","55.1","2","1","2","1"
"X.LHY","10","56.3","2","1","2","1"
"X.bnlg1655","10","58.6","2","1","2","1"
"X.PZ100337_4","10","59.6","2","1","2","1"
"X.PZ100234_23","10","61.650000000000006","N","N","N","N"
"X.PZ102398_2","10","63.155","2","1","2","1"
"X.PZ102128_3","10","64.8","2","1","2","1"
"X.umc2348","10","67.55","2","1","2","1"
"X.PZ103713_1","10","71.1","2","1","2","1"
"X.umc1280","10","73.1","N","N","N","N"
"X.umc1678","10","74.76133333333333","N","N","N","N"
"X.umc2350","10","76.","2","1","2","1"
"X.PZ100647_9","10","78.3","2","1","2","1"
"X.umc1827","10","85.5","2","1","2","1"
"X.umc1115","10","91.9","2","1","2","1"
"X.PZ100342_9","10","94.3","2","1","2","1"
"X.PZ102320_1","10","96.6","2","1","2","1"
"X.umc1506","10","100.9","2","1","2","1"
"X.PZ102188_3","10","107.6","N","N","N","N"
"X.PZB01111_8","10","110.7","2","1","2","1"
"X.PZ101456_2","10","119.6","N","N","N","N"
"X.PHM15868_56","10","121.7","2","1","2","1"
"X.bnlg0153","10","127.6","2","1","2","1"
"X.LE1FY","10","129.6","N","N","N","N"
"X.umc1084","10","139.","2","1","2","1"
"X.PZ100130_9","10","141.7","2","1","2","1"
"X.PZ102167_2","10","146.","N","N","N","N"
"X.PZ102049_1","10","147.2","2","1","2","1"
"X.PZ101073_1","10","149.2","2","1","2","1"
"X.PZ100007_1","10","150.6","2","1","2","1"
"X.PHM5435_25","10","152.5","2","1","2","1"
"X.PZ102519_7","10","157.46666666666667","N","N","N","N"
"X.bnlg1450","10","175.9","N","N","N","N"
"X.PZ102578_1","10","177.3","2","1","2","1"
"X.PZ100062_4","10","178.9","2","1","2","1"
"X.PZ101001_2","10","182.8","N","N","N","N"
"X.umc1113","10","189.4","N","N","N","N"
"X.bnlg1185","10","192.4","N","N","N","N"
